/*!40101 SET @saved_cs_client     = @@character_set_client */;
/*!40101 SET character_set_client = utf8 */;
CREATE TABLE `command_settings` (
  `command` varchar(128) NOT NULL DEFAULT '',
  `access` int(11) NOT NULL DEFAULT 0,
  `aliases` varchar(256) NOT NULL DEFAULT '',
  PRIMARY KEY (`command`) USING BTREE,
  UNIQUE KEY `UK_command_settings_1` (`command`) USING BTREE
) ENGINE=InnoDB DEFAULT CHARSET=latin1 COLLATE=latin1_swedish_ci;
/*!40101 SET character_set_client = @saved_cs_client */;
INSERT INTO `command_settings` VALUES ('advnpcspawn',150,'advnpc'),('aggrozone',200,''),('ai',100,''),('altactivate',170,''),('appearance',150,''),('apply_shared_memory',250,''),('attack',150,''),('attackentity',160,''),('ban',200,''),('beard',80,''),('beardcolor',80,''),('bestz',80,''),('boatinfo',81,''),('bug',90,''),('castspell',90,'cast'),('chat',200,''),('chattest',180,''),('clearsaylink',95,''),('cleartimers',80,''),('connectworldserver',200,'connectworld'),('coredump',180,''),('corpse',90,''),('crashtest',201,''),('d1',250,''),('damage',150,''),('damagetotals',100,''),('dbspawn2',100,''),('delacct',200,''),('deletegraveyard',200,''),('depop',100,''),('depopzone',100,''),('devtools',80,''),('disablerecipe',80,''),('doanim',50,''),('emote',150,''),('enablerecipe',80,''),('equipitem',50,''),('expansion',150,''),('face',80,''),('falltest',250,''),('fillbuffs',80,''),('find',50,''),('fixmob',150,''),('flagedit',150,''),('fleeinfo',80,''),('giveitem',150,'gi'),('givemoney',150,''),('giveplayerfaction',200,''),('gmdamage',160,''),('goto',80,''),('grid',150,''),('guild',80,'guilds'),('guildapprove',20,''),('guildcreate',20,''),('guildlist',20,''),('guildmonitor',250,''),('hair',80,''),('haircolor',80,''),('helm',80,''),('help',20,''),('hotfix',250,''),('interrogateinv',20,''),('interrupt',50,''),('ipban',201,''),('iteminfo',10,''),('keyring',90,''),('kick',80,''),('kill',80,''),('list',81,''),('listnpcs',90,''),('load_shared_memory',250,''),('loc',20,''),('logs',250,''),('logtest',250,''),('makepet',150,''),('manaburn',170,''),('manastat',50,''),('memspell',100,''),('merchant_close_shop',100,'close_shop'),('merchant_open_shop',100,'open_shop'),('modifynpcstat',150,''),('movechar',80,''),('mule',250,''),('mysql',255,''),('mysqltest',250,''),('mystats',50,''),('npccast',90,''),('npcedit',150,''),('npcemote',80,''),('npcloot',150,''),('npcsay',80,''),('npcshout',90,''),('npcspawn',100,''),('npctypecache',250,''),('npctypespawn',90,'dbspawn'),('nukebuffs',100,''),('nukeitem',150,''),('numauths',255,''),('opcode',250,''),('optest',180,''),('path',200,''),('petition',20,''),('pf',20,''),('playsound',20,''),('profanity',150,''),('push',250,''),('qtest',85,''),('raidloot',20,''),('randomfeatures',90,''),('randtest',250,''),('refreshgroup',20,''),('reload',200,''),('repop',90,''),('repopclose',100,''),('resetaa',100,''),('resetboat',95,''),('revoke',80,''),('rewind',0,''),('rl',200,''),('rq',200,''),('rules',200,''),('save',80,''),('scribespell',90,''),('scribespells',100,''),('sendop',180,''),('sendzonespawns',200,''),('serversidename',100,''),('set',50,''),('setgraveyard',200,''),('setgreed',100,''),('show',50,''),('showbonusstats',50,''),('showfilters',180,''),('showhelm',0,''),('showpetspell',50,''),('showregen',100,''),('showtraderitems',80,''),('shutdown',200,''),('size',90,''),('skills',100,''),('spawn',150,''),('spawnfix',80,''),('spellinfo',10,''),('starve',180,''),('stun',100,''),('summon',80,''),('summonitem',90,'si'),('suspend',100,''),('synctod',100,''),('testcommand',250,''),('testspawn',180,''),('undeletechar',255,''),('underworld',100,''),('unmemspell',170,''),('unmemspells',170,''),('unscribespell',90,''),('unscribespells',100,''),('viewplayerfaction',79,''),('wc',200,''),('worldshutdown',200,''),('wp',150,''),('wpadd',150,''),('xpinfo',95,''),('zone',80,''),('zonebootup',100,''),('zoneshutdown',200,''),('zonespawn',250,''),('zopp',250,''),('zsave',200,''),('zuwcoords',80,'');
/*!40101 SET @saved_cs_client     = @@character_set_client */;
/*!40101 SET character_set_client = utf8 */;
CREATE TABLE `command_subsettings` (
  `id` int(10) unsigned NOT NULL AUTO_INCREMENT,
  `parent_command` varchar(32) NOT NULL,
  `sub_command` varchar(32) NOT NULL,
  `access_level` int(11) unsigned NOT NULL DEFAULT 0,
  `top_level_aliases` varchar(255) NOT NULL,
  PRIMARY KEY (`id`),
  UNIQUE KEY `command` (`parent_command`,`sub_command`)
) ENGINE=InnoDB AUTO_INCREMENT=95 DEFAULT CHARSET=latin1 COLLATE=latin1_swedish_ci;
/*!40101 SET character_set_client = @saved_cs_client */;
INSERT INTO `command_subsettings` VALUES (1,'find','body_type',80,'findbodytype'),(2,'find','character',80,'findcharacter'),(3,'find','class',80,'findclass'),(4,'find','deity',80,'finddeity'),(5,'find','emote',80,'emotesearch|findemote'),(6,'find','faction',80,'findfaction'),(7,'find','item',80,'fi|finditem|itemsearch'),(8,'find','language',80,'findlanguage'),(9,'find','npc_type',80,'fn|findnpc|findnpctype'),(10,'find','race',80,'findrace'),(11,'find','skill',80,'findskill'),(12,'find','special_ability',80,'findspecialability'),(13,'find','spell',80,'fs|findspell'),(14,'find','zone',80,'fz|findzone'),(15,'set','aa_exp',80,'setaaxp|setaaexp'),(16,'set','aa_points',80,'setaapts|setaapoints'),(17,'set','animation',80,'setanim'),(18,'set','anon',80,'setanon'),(19,'set','bind',80,'bind'),(20,'set','class_permanent',80,'permaclass'),(21,'set','date',80,'date'),(22,'set','exp',80,'setxp|setexp'),(23,'set','faction',80,'setfaction'),(24,'set','flymode',80,'flymode'),(25,'set','freeze',80,'freeze|unfreeze'),(26,'set','gender',80,'gender'),(27,'set','gender_permanent',80,'permagender'),(28,'set','gm',80,'gm'),(29,'set','gm_speed',80,'gmspeed'),(30,'set','gm_status',80,'flag'),(31,'set','god_mode',80,'godmode'),(32,'set','haste',80,'haste'),(33,'set','hide_me',80,'hideme'),(34,'set','hp',80,'sethp'),(35,'set','hp_full',80,'heal'),(36,'set','invulnerable',80,'invul|invulnerable'),(37,'set','language',80,'setlanguage'),(38,'set','last_name',80,'lastname'),(39,'set','level',80,'level'),(40,'set','loginserver_info',80,'setlsinfo'),(41,'set','mana',80,'setmana'),(42,'set','mana_full',80,'mana'),(43,'set','motd',80,'motd'),(44,'set','name',80,'name'),(45,'set','ooc_mute',80,'oocmute'),(46,'set','password',80,'setpass'),(47,'set','pvp',80,'pvp'),(48,'set','race',80,'race'),(49,'set','race_permanent',80,'permarace'),(50,'set','server_locked',80,'lock|serverlock|serverunlock|unlock'),(51,'set','skill',80,'setskill'),(52,'set','skill_all',80,'setallskill|setallskills|setskillall'),(53,'set','skill_all_max',80,'maxskills'),(54,'set','texture',80,'texture'),(55,'set','time',80,'time'),(56,'set','time_zone',80,'timezone'),(57,'set','title',80,'title'),(58,'set','title_suffix',80,'titlesuffix'),(59,'set','weather',80,'weather'),(60,'set','zone',80,'zclip|zcolor|zheader|zonelock|zsafecoords|zsky|zunderworld'),(61,'show','aggro',80,'aggro'),(62,'show','buffs',80,'showbuffs'),(63,'show','client_version_summary',80,'cvs'),(64,'show','distance',80,'distance'),(65,'show','emotes',80,'emoteview'),(66,'show','field_of_view',80,'fov'),(67,'show','flags',80,'flags'),(68,'show','group_info',80,'ginfo'),(69,'show','hatelist',80,'hatelist'),(70,'show','inventory',80,'peekinv'),(71,'show','ip_lookup',80,'iplookup'),(72,'show','line_of_sight',80,'checklos'),(73,'show','network_stats',80,'netstats'),(74,'show','npc_global_loot',80,'shownpcgloballoot'),(75,'show','npc_stats',80,'npcstats'),(76,'show','npc_type',80,'viewnpctype'),(77,'show','quest_errors',80,'questerrors'),(78,'show','quest_globals',80,'globalview'),(79,'show','skills',80,'showskills'),(80,'show','spawn_status',80,'spawnstatus'),(81,'show','spells_list',80,'showspellslist'),(82,'show','stats',80,'showstats'),(83,'show','timers',80,'timers'),(84,'show','traps',80,'trapinfo'),(85,'show','uptime',80,'uptime'),(86,'show','variable',80,'getvariable'),(87,'show','version',80,'version'),(88,'show','waypoints',80,'wpinfo'),(89,'show','zone_data',80,'zstats'),(90,'show','zone_global_loot',80,'showzonegloballoot'),(91,'show','zone_loot',80,'viewzoneloot'),(92,'show','zone_points',80,'showzonepoints'),(93,'show','zone_stats',80,'zstats'),(94,'show','zone_status',80,'zonestatus');
/*!40101 SET @saved_cs_client     = @@character_set_client */;
/*!40101 SET character_set_client = utf8 */;
CREATE TABLE `launcher` (
  `name` varchar(64) NOT NULL DEFAULT '',
  `dynamics` tinyint(3) unsigned NOT NULL DEFAULT 0,
  PRIMARY KEY (`name`)
) ENGINE=MyISAM DEFAULT CHARSET=latin1 COLLATE=latin1_swedish_ci;
/*!40101 SET character_set_client = @saved_cs_client */;
INSERT INTO `launcher` VALUES ('boats',0),('zone1',0),('zone2',0),('zone3',0),('dynzone1',10),('dynzone2',10);
/*!40101 SET @saved_cs_client     = @@character_set_client */;
/*!40101 SET character_set_client = utf8 */;
CREATE TABLE `launcher_zones` (
  `launcher` varchar(64) NOT NULL DEFAULT '',
  `zone` varchar(32) NOT NULL DEFAULT '',
  `port` mediumint(9) NOT NULL DEFAULT 0,
  `enabled` tinyint(1) unsigned zerofill DEFAULT 0,
  `expansion` varchar(64) DEFAULT NULL,
  PRIMARY KEY (`launcher`,`zone`)
) ENGINE=MyISAM DEFAULT CHARSET=latin1 COLLATE=latin1_swedish_ci;
/*!40101 SET character_set_client = @saved_cs_client */;
INSERT INTO `launcher_zones` VALUES ('boats','freporte',7104,1,'classic'),('boats','oot',7106,1,'classic'),('boats','butcher',7100,1,'classic'),('boats','firiona',7103,1,'kunark'),('boats','iceclad',7206,1,'velious'),('boats','overthere',7107,1,'kunark'),('boats','timorous',7109,1,'kunark'),('boats','oasis',7105,1,'classic'),('boats','nro',7155,1,'classic'),('boats','erudnext',7101,1,'classic'),('boats','erudsxing',7102,1,'classic'),('boats','qeynos',7108,1,'classic'),('zone1','thurgadina',7215,0,'velious'),('zone1','acrylia',7221,0,'luclin'),('zone1','paw',7158,0,'classic'),('zone1','wakening',7218,0,'velious'),('zone1','qey2hh1',7161,1,'classic'),('zone1','neriakb',7152,1,'classic'),('zone1','fungusgrove',7227,0,'luclin'),('zone1','podisease',7257,0,'pop'),('zone1','najena',7149,1,'classic'),('zone1','hollowshade',7230,0,'luclin'),('zone1','letalis',7233,0,'luclin'),('zone1','lfaydark',7146,1,'classic'),('zone1','netherbian',7236,0,'luclin'),('zone1','qrg',7164,0,'classic'),('zone1','sleeper',7212,0,'velious'),('zone1','emeraldjungle',7185,0,'kunark'),('zone1','dalnir',7182,0,'kunark'),('zone1','sebilis',7194,0,'kunark'),('zone1','chardok',7179,0,'kunark'),('zone1','burningwood',7176,1,'kunark'),('zone1','poknowledge',7263,1,'pop'),('zone1','necropolis',7209,0,'velious'),('zone1','soltemple',7170,1,'classic'),('zone1','sharvahl',7242,1,'luclin'),('zone1','cobaltscar',7200,0,'velious'),('zone1','steamfont',7173,1,'classic'),('zone1','trakanon',7197,0,'kunark'),('zone1','runnyeye',7167,0,'classic'),('zone1','frozenshadow',7203,0,'velious'),('zone1','kurn',7191,0,'kunark'),('zone1','airplane',7110,0,'classic'),('zone1','freportn',7128,1,'classic'),('zone1','bothunder',7251,0,'pop'),('zone1','feerrott',7125,0,'classic'),('zone1','kithicor',7143,1,'classic'),('zone1','hohonorb',7254,0,'pop'),('zone1','erudnint',7122,1,'classic'),('zone1','potactics',7266,0,'pop'),('zone1','cshome',7119,1,'classic'),('zone1','potorment',7269,0,'pop'),('zone1','cazicthule',7224,0,'luclin'),('zone1','cauldron',7116,0,'classic'),('zone1','powater',7272,0,'pop'),('zone1','befallen',7113,0,'classic'),('zone1','grobb',7131,0,'classic'),('zone1','hole',7188,0,'kunark'),('zone1','tenebrous',7245,1,'luclin'),('zone1','pofire',7260,0,'pop'),('zone1','scarlet',7239,0,'luclin'),('zone1','halas',7134,0,'classic'),('zone1','highpass',7137,1,'classic'),('zone1','twilight',7248,0,'luclin'),('zone1','kaladimb',7140,1,'classic'),('zone2','solrotower',7273,0,'pop'),('zone2','veeshan',7198,0,'kunark'),('zone2','poeartha',7258,0,'pop'),('zone2','skyfire',7195,0,'kunark'),('zone2','sseru',7243,0,'luclin'),('zone2','thedeep',7246,0,'luclin'),('zone2','maiden',7234,0,'luclin'),('zone2','lakeofillomen',7192,0,'kunark'),('zone2','potimea',7267,1,'pop'),('zone2','',0,0,NULL),('zone2','warrens',7219,0,'velious'),('zone2','crystal',7201,0,'velious'),('zone2','griegsend',7228,0,'luclin'),('zone2','poinnovation',7261,0,'pop'),('zone2','thurgadinb',7216,1,'velious'),('zone2','ponightmare',7264,0,'pop'),('zone2','stonebrunt',7213,0,'velious'),('zone2','codecay',7252,0,'pop'),('zone2','potranquility',7270,0,'pop'),('zone2','nightmareb',7255,0,'pop'),('zone2','umbral',7249,0,'luclin'),('zone2','sirens',7210,0,'velious'),('zone2','akheva',7222,0,'luclin'),('zone2','kael',7207,0,'velious'),('zone2','dawnshroud',7225,0,'luclin'),('zone2','greatdivide',7204,0,'velious'),('zone2','nexus',7237,1,'luclin'),('zone2','kaesora',7189,0,'kunark'),('zone2','lakerathe',7144,1,'classic'),('zone2','southkarana',7171,1,'classic'),('zone2','felwithea',7126,0,'classic'),('zone2','soldunga',7168,0,'classic'),('zone2','rathemtn',7165,1,'classic'),('zone2','kedge',7141,0,'classic'),('zone2','qeynos2',7162,1,'classic'),('zone2','freportw',7129,1,'classic'),('zone2','permafrost',7159,0,'classic'),('zone2','oggok',7156,1,'classic'),('zone2','gukbottom',7132,1,'classic'),('zone2','neriakc',7153,1,'classic'),('zone2','hateplane',7135,0,'classic'),('zone2','nektulos',7150,1,'classic'),('zone2','innothule',7138,1,'classic'),('zone2','mistmoore',7147,0,'classic'),('zone2','jaggedpine',7231,0,'luclin'),('zone2','everfrost',7123,1,'classic'),('zone2','charasis',7180,0,'kunark'),('zone2','dreadlands',7183,0,'kunark'),('zone2','shadeweaver',7240,1,'luclin'),('zone2','beholder',7114,0,'classic'),('zone2','fieldofbone',7186,1,'kunark'),('zone2','akanon',7111,0,'classic'),('zone2','commons',7117,1,'classic'),('zone2','eastkarana',7120,0,'classic'),('zone2','tox',7174,0,'classic'),('zone2','cabeast',7177,1,'kunark'),('zone3','vexthal',7250,0,'luclin'),('zone3','paineel',7157,0,'classic'),('zone3','highkeep',7136,1,'classic'),('zone3','potimeb',7268,1,'pop'),('zone3','ssratemple',7244,0,'luclin'),('zone3','thegrey',7247,0,'luclin'),('zone3','kaladima',7139,0,'classic'),('zone3','arena',7112,0,'classic'),('zone3','cadwest',7178,0,'kunark'),('zone3','blackburrow',7115,0,'classic'),('zone3','guktop',7133,0,'classic'),('zone3','hohonora',7253,0,'pop'),('zone3','crushbone',7118,0,'classic'),('zone3','povalor',7271,0,'pop'),('zone3','poair',7256,0,'pop'),('zone3','ecommons',7121,1,'classic'),('zone3','felwitheb',7127,0,'classic'),('zone3','gfaydark',7130,1,'classic'),('zone3','postorms',7265,0,'pop'),('zone3','pojustice',7262,0,'pop'),('zone3','poearthb',7259,0,'pop'),('zone3','shadowhaven',7241,0,'luclin'),('zone3','kerraridge',7142,1,'classic'),('zone3','skyshrine',7211,0,'velious'),('zone3','soldungb',7169,0,'classic'),('zone3','mischiefplane',7208,1,'velious'),('zone3','sro',7172,1,'classic'),('zone3','growthplane',7205,0,'velious'),('zone3','rivervale',7166,0,'classic'),('zone3','eastwastes',7202,1,'velious'),('zone3','unrest',7175,0,'classic'),('zone3','warslikswood',7199,0,'kunark'),('zone3','swampofnohope',7196,1,'kunark'),('zone3','citymist',7181,0,'kunark'),('zone3','nurga',7193,0,'kunark'),('zone3','droga',7184,0,'kunark'),('zone3','frontiermtns',7187,0,'kunark'),('zone3','qeytoqrg',7163,1,'classic'),('zone3','templeveeshan',7214,0,'velious'),('zone3','paludal',7238,0,'luclin'),('zone3','fearplane',7124,1,'classic'),('zone3','mseru',7235,0,'luclin'),('zone3','lavastorm',7145,0,'classic'),('zone3','katta',7232,1,'luclin'),('zone3','misty',7148,0,'classic'),('zone3','grimling',7229,1,'luclin'),('zone3','neriaka',7151,0,'classic'),('zone3','echo',7226,0,'luclin'),('zone3','bazaar',7223,0,'luclin'),('zone3','northkarana',7154,1,'classic'),('zone3','westwastes',7220,0,'velious'),('zone3','velketor',7217,0,'velious'),('zone3','qcat',7160,1,'classic'),('zone3','karnor',7190,0,'kunark');
/*!40101 SET @saved_cs_client     = @@character_set_client */;
/*!40101 SET character_set_client = utf8 */;
CREATE TABLE `logsys_categories` (
  `log_category_id` int(11) NOT NULL,
  `log_category_description` varchar(150) DEFAULT NULL,
  `log_to_console` smallint(11) DEFAULT 0,
  `log_to_file` smallint(11) DEFAULT 0,
  `log_to_gmsay` smallint(11) DEFAULT 0,
  PRIMARY KEY (`log_category_id`)
) ENGINE=InnoDB DEFAULT CHARSET=latin1 COLLATE=latin1_swedish_ci;
/*!40101 SET character_set_client = @saved_cs_client */;
INSERT INTO `logsys_categories` VALUES (1,'AA',0,0,0),(2,'AI',0,0,0),(3,'Aggro',0,0,0),(4,'Attack',0,0,0),(6,'Combat',0,0,0),(7,'Commands',0,0,0),(8,'Crash',1,1,0),(9,'Debug',0,0,0),(10,'Doors',0,0,0),(11,'Error',1,1,0),(12,'Guilds',0,0,0),(13,'Inventory',0,0,0),(14,'Launcher',0,0,0),(15,'Netcode',0,0,0),(17,'Object',0,0,0),(18,'Pathing',0,0,0),(20,'Quests',0,0,0),(21,'Rules',0,0,0),(22,'Skills',0,0,0),(23,'Spawns',0,0,0),(24,'Spells',0,0,0),(26,'TCP_Connection',0,0,0),(27,'Tasks',0,0,0),(28,'Tradeskills',0,0,0),(29,'Trading',0,0,0),(35,'MySQL Error',1,1,1),(36,'MySQL Queries',0,0,0),(37,'EQMac',0,0,2),(38,'Quest Debug',0,0,3),(43,'Maps',0,0,0),(44,'Character',0,0,0),(45,'Faction',0,0,0),(46,'Group',0,0,0),(47,'Corpse',0,0,0),(48,'Bazaar',0,0,0),(49,'Discs',0,0,0),(50,'Boats',0,0,0),(51,'Traps',0,0,0),(52,'PTimers',0,0,0),(53,'Nexus',0,0,0),(54,'Pets',0,0,0),(55,'Regen',0,0,0),(56,'Focus',0,0,0),(57,'Death',0,0,0),(58,'Info',1,0,0),(59,'Warning',1,0,0),(64,'QuestErrors',1,0,1),(65,'Scheduler',1,0,0),(66,'Loot',0,0,1),(67,'FixZ',0,0,0),(68,'Packet S->C',0,0,0),(69,'Packet C->S',0,0,0),(70,'Packet S->S',0,0,0),(71,'HotReload',1,0,1),(72,'Zone Points',0,0,0),(73,'EqTime',1,0,1);
/*!40101 SET @saved_cs_client     = @@character_set_client */;
/*!40101 SET character_set_client = utf8 */;
CREATE TABLE `profanity_list` (
  `word` varchar(16) NOT NULL
) ENGINE=InnoDB DEFAULT CHARSET=latin1 COLLATE=latin1_swedish_ci;
/*!40101 SET character_set_client = @saved_cs_client */;
/*!40101 SET @saved_cs_client     = @@character_set_client */;
/*!40101 SET character_set_client = utf8 */;
CREATE TABLE `rule_sets` (
  `ruleset_id` tinyint(3) unsigned NOT NULL AUTO_INCREMENT,
  `name` varchar(255) NOT NULL DEFAULT '',
  PRIMARY KEY (`ruleset_id`)
) ENGINE=MyISAM AUTO_INCREMENT=12 DEFAULT CHARSET=latin1 COLLATE=latin1_swedish_ci;
/*!40101 SET character_set_client = @saved_cs_client */;
INSERT INTO `rule_sets` VALUES (1,'default'),(2,'pop+');
/*!40101 SET @saved_cs_client     = @@character_set_client */;
/*!40101 SET character_set_client = utf8 */;
CREATE TABLE `rule_values` (
  `ruleset_id` tinyint(3) unsigned NOT NULL DEFAULT 0,
  `rule_name` varchar(64) NOT NULL DEFAULT '',
  `rule_value` varchar(10) NOT NULL DEFAULT '',
  `notes` text NOT NULL,
  PRIMARY KEY (`ruleset_id`,`rule_name`),
  KEY `ruleset_id` (`ruleset_id`) USING BTREE
) ENGINE=MyISAM DEFAULT CHARSET=latin1 COLLATE=latin1_swedish_ci;
/*!40101 SET character_set_client = @saved_cs_client */;
INSERT INTO `rule_values` VALUES (2,'GM:MinStatusToZoneAnywhere','250','This setting overrides the minstatus setting in the zones table if set'),(2,'Character:MaxLevel','50','notation'),(2,'Character:LeaveCorpses','true','notation'),(2,'Character:LeaveNakedCorpses','true','notation'),(2,'Character:DeathExpLossLevel','10','notation'),(2,'Character:CorpseDecayTimeMS','604800000','notation'),(2,'Character:AutosaveIntervalS','240','0=disabled'),(2,'Skills:MaxTrainTradeskills','21','Highest skill level that tradeskills can be trained to from GM Trainers'),(2,'Pets:AttackCommandRange','200','Range at which a pet will respond to attack commands'),(2,'World:ZoneAutobootTimeoutMS','120000','notation'),(2,'World:ClientKeepaliveTimeoutMS','95000','notation'),(2,'Combat:FleeHPRatio','21',''),(2,'World:ExemptMaxClientsStatus','-1','Exempt accounts from the MaxClientsPerIP and AddMaxClientsStatus rules:if their status is >= this value.  Default value: -1 (feature disabled)'),(2,'Combat:EnableFearPathing','true',''),(2,'Spells:ResistChance','2.0','chance to resist given no resists and same level'),(2,'Combat:ClientBaseCritChance','0',''),(2,'NPC:MinorNPCCorpseDecayTimeMS','480000','level<55'),(2,'NPC:MajorNPCCorpseDecayTimeMS','1500000','level>=55'),(2,'Character:ExpMultiplier','0.50','notation'),(2,'Zone:EnableShadowrest','0',''),(2,'Map:FixPathingZWhenLoading','true',''),(2,'Map:FixPathingZOnSendTo','false',''),(2,'Zone:ClientLinkdeadMS','180000',''),(2,'Character:HealOnLevel','false','notation'),(2,'Character:FeignKillsPet','false','notation'),(2,'NPC:SayPauseTimeInSec','10','notation'),(2,'NPC:OOCRegen','1','notation'),(2,'Watermap:CheckWaypointsInWaterWhenLoading','true',''),(2,'Watermap:CheckForWaterOnSendTo','false','Checks if a mob has moved into/out of water on SendTo'),(2,'Watermap:CheckForWaterWhenFishing','true','Only lets a player fish near water (if a water map exists for the zone)'),(2,'Watermap:FishingRodLength','30','How far in front of player water must be for fishing to work'),(2,'Watermap:FishingLineLength','40','If water is more than this far below the player:it is considered too far to fish'),(1,'Character:DefaultExpansions','15',' '),(1,'QueryServ:PlayerLogGroundSpawn','true',''),(1,'QueryServ:PlayerLogMoneyTransactions','true',''),(1,'QueryServ:PlayerLogBankTransactions','false',''),(2,'Combat:AssistNoTargetSelf','false','When assisting a target without a target: true = target self, false = leave target as was before assist (this is the behavior on live)'),(2,'NPC:BuffFriends','false','notation'),(2,'Aggro:SpellAggroMod','100','notation'),(2,'Character:DeathItemLossLevel','10','notation'),(2,'Zone:EnableMQGhostDetector','true',''),(2,'Zone:EnableMQGateDetector','true',''),(2,'World:MaxClientsPerIP','-1','Maximum number of clients allowed to connect per IP address if account status is < AddMaxClientsStatus.  Default value: -1 (feature disabled)'),(2,'Zone:EnableMQZoneDetector','true',''),(2,'Zone:EnableMQWarpDetector','false',''),(2,'Combat:FleeIfNotAlone','false',''),(2,'Zone:MQGhostExemptStatus','80',''),(2,'Zone:MQGateExemptStatus','80',''),(2,'Zone:MQZoneExemptStatus','80',''),(2,'Zone:MQWarpDetectionDistanceFactor','9.0',''),(2,'Zone:MQWarpExemptStatus','80',''),(2,'World:UseBannedIPsTable','true','Toggle whether or not to check incoming client connections against the Banned_IPs table. Set this value to false to disable this feature.'),(2,'NPC:EmptyNPCCorpseDecayTimeMS','30000','notation'),(2,'NPC:CorpseUnlockTimer','120000','notation'),(2,'World:AddMaxClientsStatus','-1','Accounts with status >= this rule will be allowed to use the amount of accounts defined in the AddMaxClientsPerIP.  Default value: -1 (feature disabled)'),(2,'World:AddMaxClientsPerIP','-1','Maximum number of clients allowed to connect per IP address if account status is < ExemptMaxClientsStatus.  Default value: -1 (feature disabled)'),(2,'World:ClearTempMerchantlist','false','cavedude: Clears temp merchant items when world boots.'),(2,'Character:MaxExpLevel','50','Sets the Max Level attainable via Experience'),(2,'Zone:AutoShutdownDelay','5000',''),(2,'Chat:ServerWideOOC','true','notation'),(2,'Chat:ServerWideAuction','true','notation'),(2,'Spells:WizCritLevel','12','level wizards first get spell crits'),(2,'Character:BindAnywhere','false','notation'),(2,'World:AccountSessionLimit','1','Max number of characters allowed on at once from a single account (-1 is disabled)'),(2,'World:ExemptAccountLimitStatus','200','Min status required to be exempt from multi-session per account limiting (-1 is disabled)'),(2,'Bazaar:MaxSearchResults','200','notation'),(2,'Channels:RequiredStatusAdmin','251','Required status to administer chat channels'),(2,'Channels:RequiredStatusListAll','251','Required status to list all chat channels'),(2,'Spells:TranslocateTimeLimit','0','If not zero:time in seconds to accept a Translocate.'),(2,'EventLog:RecordSellToMerchant','false','Record sales from a player to an NPC merchant in eventlog table'),(2,'EventLog:RecordBuyFromMerchant','false','Record purchases by a player from an NPC merchant in eventlog table'),(2,'Character:AAExpMultiplier','0.65','notation'),(2,'World:GMAccountIPList','true','Check ip list against GM Accounts:AntiHack GM Accounts.'),(1,'HotReload:QuestsRepopWhenPlayersNotInCombat','true','When a hot reload is triggered, the zone will repop when no clients are in combat'),(2,'Chat:EnableMailKeyIPVerification','true','notation'),(2,'Chat:EnableAntiSpam','false','notation'),(2,'Chat:MinStatusToBypassAntiSpam','80','notation'),(2,'Chat:MinimumMessagesPerInterval','4','notation'),(2,'Chat:MaximumMessagesPerInterval','12','notation'),(2,'Chat:MaxMessagesBeforeKick','20','notation'),(2,'Chat:IntervalDurationMS','60000','notation'),(2,'Chat:KarmaUpdateIntervalMS','1200000','notation'),(2,'Character:GroupExpMultiplier','0.65','notation'),(2,'Character:RaidExpMultiplier','1.0','notation'),(2,'World:MinGMAntiHackStatus','11','Minimum GM status to check against AntiHack list'),(2,'Zone:UsePEQZoneDebuffs','false','Will determine if #peqzone will debuff players or not when used.'),(1,'AlKabor:GreensGiveXPToGroup','true',''),(2,'Pathing:CandidateNodeRangeXY','400.000000',''),(2,'Zone:PEQZoneReuseTime','300','Amount of time, in seconds, before you can reuse the #peqzone command'),(2,'Zone:PEQZoneDebuff1','4454','First debuff casted by #peqzone Default is Cursed Keepers Blight.'),(2,'Zone:PEQZoneDebuff2','2209','Second debuff casted by #peqzone Default is Tendrils of Apathy.'),(2,'NPC:LastFightingDelayMovingMin','5000','Minimum time (in ms) before mob goes home after all aggro loss'),(2,'NPC:LastFightingDelayMovingMax','20000','Maximum time (in ms) before mob goes home after all aggro loss'),(2,'Combat:ArcheryBonusRequiresStationary','true','does the 2x archery bonus chance require a stationary npc'),(2,'Pathing:CandidateNodeRangeZ','50.0000000',''),(2,'Pathing:Fear','true',''),(2,'Combat:ArcheryBaseDamageBonus','1','Modifier to Base Archery Damage .5 = 50%, 1 = 100%, 2 = 200%'),(1,'World:AdjustRespawnTimes','false',''),(2,'Map:FindBestZHeightAdjust','1',''),(2,'Spells:SacrificeMinLevel','46','First level Sacrifice will work on'),(2,'Spells:SacrificeMaxLevel','69','Last level Sacrifice will work on'),(2,'Spells:SacrificeItemID','9963','Item ID of the item Sacrifice will return. Defaults to an Essence Emerald.'),(2,'Character:MaxFearDurationForPlayerCharacter','4','4 tics, each tic calculates every 6 seconds.'),(2,'Character:MaxCharmDurationForPlayerCharacter','15','15 tics, each tic calculates every 6 seconds.'),(2,'AA:ExpPerPoint','23976503','Amount of exp per AA. Is the same as the amount of exp to go from level 51 to level 52.'),(2,'World:MaxClientsSetByStatus','false','If True, IP Limiting will be set to the status on the account as long as the status is > MaxClientsPerIP'),(2,'Chat:KarmaGlobalChatLimit','0','amount of karma you need to be able to talk in ooc/auction/chat below the level limit'),(2,'Chat:GlobalChatLevelLimit','1','level limit you need to of reached to talk in ooc/auction/chat if your karma is too low.'),(2,'Zone:MarkMQWarpLT','false',''),(2,'Spells:EnableSpellGlobals','false','If true, spells check the spell_globals table against quest globals before allowing spells to scribe via quest::scribespell'),(2,'Character:DeathExpLossMaxLevel','255','Any level greater than this will no longer lose exp on death'),(2,'Spells:MaxBuffSlotsNPC','15',''),(2,'Spells:MaxTotalSlotsNPC','15',''),(1,'Skills:MaxTrainSpecializations','50','Max level a GM trainer will train casting specializations'),(1,'Spells:ReflectType','1','0 = disabled, 1 = single target player spells only, 2 = all player spells, 3 = all single target spells, 4 = all spells'),(1,'AlKabor:NoDropRemoveTradeskill','true',''),(1,'AlKabor:OutOfRangeGroupXPBonus','true',''),(1,'Spells:MaxTotalSlotsNPC','30',''),(1,'Spells:MaxBuffSlotsNPC','30',''),(1,'World:MaxClientsPerForumName','-1','Maximum number of clients allowed to connect per forum name if account status is < AddMaxClientsStatus. Default value: -1 (feature disabled)'),(1,'Character:DeathExpLossMaxLevel','255','Any level greater than this will no longer lose exp on death'),(1,'QueryServ:WebhooksPetitions','false','enables discord channel feed'),(1,'QueryServ:WebhooksTesting','true','sets override for webhooks to a testing channel'),(1,'Spells:EnableSpellGlobals','false','If true, spells check the spell_globals table against quest globals before allowing spells to scribe via quest::scribespell'),(1,'Zone:MarkMQWarpLT','false',''),(1,'Chat:GlobalChatLevelLimit','1',''),(11,'Character:MaxLevel','50',''),(11,'Character:MaxExpLevel','50',''),(1,'Chat:KarmaGlobalChatLimit','0','amount of karma you need to be able to talk in ooc/auction/chat below the level limit'),(1,'QueryServ:WebhooksNotices','false','enables discord channel feed'),(1,'World:MaxClientsSetByStatus','false','If True, IP Limiting will be set to the status on the account as long as the status is > MaxClientsPerIP'),(1,'AA:ExpPerPoint','18750000','Amount of exp per AA. Is the same as the amount of exp to go from level 51 to level 52.'),(1,'Character:MaxFearDurationForPlayerCharacter','4','4 tics, each tic calculates every 6 seconds.'),(1,'Character:MaxCharmDurationForPlayerCharacter','21','15 tics, each tic calculates every 6 seconds.'),(1,'World:MOTD','','Server MOTD sent on login, change from empty to have this be used instead of variables table \'motd\' value'),(1,'Zone:HotZoneBonus','0.75000000','Value which is added to the experience multiplier. This also applies to AA experience.'),(1,'World:UseOldShadowKnightClassExport','true','Disable to have Shadowknight show as Shadow Knight (live-like)'),(1,'Spells:SacrificeItemID','9963','Item ID of the item Sacrifice will return. Defaults to an Essence Emerald.'),(1,'Spells:SacrificeMaxLevel','69','Last level Sacrifice will work on'),(1,'Spells:SacrificeMinLevel','46','First level Sacrifice will work on'),(1,'Map:FindBestZHeightAdjust','1',''),(1,'Spells:EnableSpellBuckets','false','If Enabled, spells check the spell_buckets table and compare character data from their data buckets before allowing the spell to scribe with scribespells'),(1,'HotReload:QuestsResetTimersWithReload','true','When a hot reload is triggered, quest timers will be reset'),(1,'HotReload:QuestsRepopWithReload','true','When a hot reload is triggered, the zone will repop'),(1,'Combat:ArcheryBaseDamageBonus','1','Modifier to Base Archery Damage .5 = 50%, 1 = 100%, 2 = 200%'),(1,'Pathing:Fear','true',''),(1,'Pathing:CandidateNodeRangeZ','50.0000000',''),(1,'Zone:NexusTimer','900000','Nexus timer in ms. Defaults to 15 minutes.'),(1,'Zone:SpawnEventMin','5','When strict is set in spawn_events, specifies the max EQ minutes into the trigger hour a spawn_event will fire.'),(1,'Combat:ArcheryBonusRequiresStationary','true','does the 2x archery bonus chance require a stationary npc'),(1,'NPC:LastFightingDelayMovingMax','30000','Maximum time (in ms) before mob goes home after all aggro loss'),(1,'NPC:LastFightingDelayMovingMin','5000','Minimum time (in ms) before mob goes home after all aggro loss'),(1,'Zone:PEQZoneDebuff2','2209','Second debuff casted by #peqzone Default is Tendrils of Apathy.'),(1,'Zone:PEQZoneDebuff1','4454','First debuff casted by #peqzone Default is Cursed Keepers Blight.'),(1,'Zone:PEQZoneReuseTime','300','Amount of time, in seconds, before you can reuse the #peqzone command'),(1,'Pathing:CandidateNodeRangeXY','400.000000',''),(1,'AlKabor:GroupEXPBonuses','true',''),(1,'Zone:NexusScionTimer','900000','Nexus timer in ms. Defaults to 15 minutes.'),(1,'Zone:UsePEQZoneDebuffs','false','Will determine if #peqzone will debuff players or not when used.'),(1,'Zone:IdleWhenEmpty','true','After timer is expired, if zone is empty it will idle. Boat zones are excluded, as this will break boat functionality.'),(1,'Zone:IdleTimer','600000','600000ms = 10 minutes'),(1,'Character:RaidExpMultiplier','1.0','notation'),(1,'World:MinGMAntiHackStatus','11','Minimum GM status to check against AntiHack list'),(1,'Chat:KarmaUpdateIntervalMS','1200000','notation'),(1,'Character:GroupExpMultiplier','1','notation'),(1,'Chat:MaxMessagesBeforeKick','20','notation'),(1,'Chat:IntervalDurationMS','60000','notation'),(1,'Chat:MinimumMessagesPerInterval','4','notation'),(1,'Chat:MaximumMessagesPerInterval','12','notation'),(1,'Chat:MinStatusToBypassAntiSpam','80','notation'),(1,'Chat:EnableMailKeyIPVerification','true','notation'),(1,'Chat:EnableAntiSpam','false',''),(1,'Zone:GroupEXPRange','500.000000',''),(1,'Zone:GlobalLootMultiplier','1','Sets Global Loot drop multiplier for database based drops, useful for double, triple loot etc'),(1,'Zone:EnableNexusPortalsOnExpansion','true','Nexus enables When Luclin is the current expansion'),(1,'Zone:EnableNexusPortals','false',''),(1,'Zone:BoatDistance','50','In zones where boat name is not set in the PP, this is how far away from the boat the client must be to move them to the boat\'s current location.'),(1,'World:TellQueueSize','200',''),(1,'World:WhoListLimit','20','The max players returned in /who all.'),(1,'World:MuleToonLimit','8','The number of characters a mule account can create/access.'),(1,'World:EnableDevTools','true','Enable or Disable the Developer Tools globally (Most of the time you want this enabled)'),(1,'World:GMAccountIPList','false','Check ip list against GM Accounts:AntiHack GM Accounts.'),(1,'Character:AAExpMultiplier','1.0','notation'),(1,'EventLog:RecordBuyFromMerchant','false','Record purchases by a player from an NPC merchant in eventlog table'),(1,'EventLog:RecordSellToMerchant','false','Record sales from a player to an NPC merchant in eventlog table'),(1,'Spells:TranslocateTimeLimit','0','If not zero:time in seconds to accept a Translocate.'),(1,'Channels:RequiredStatusListAll','251','Required status to list all chat channels'),(1,'Channels:RequiredStatusAdmin','251','Required status to administer chat channels'),(1,'World:DontBootDynamics','false','If true, dynamic zones will not boot when a player tries to enter them.'),(1,'World:BootHour','0','Sets the in-game hour world will set when it first boots. 0-24 are valid options, where 0 disables this rule.'),(1,'Bazaar:MaxSearchResults','200','notation'),(1,'World:ExemptAccountLimitStatus','200','Min status required to be exempt from multi-session per account limiting (-1 is disabled)'),(1,'World:AccountSessionLimit','1','Max number of characters allowed on at once from a single account (-1 is disabled)'),(1,'Character:BindAnywhere','false','notation'),(1,'Watermap:FishingLineExtension','12.0000000','In some zones, setting a longer length causes the line to go underworld. This gives us a variable to work with in areas that need a longer line.'),(1,'Spells:SwarmPetTargetLock','false','Use old method of swarm pets target locking till target dies then despawning.'),(1,'Spells:WizCritLevel','12','level wizards first get spell crits'),(1,'Spells:SpellRecoveryTimer','2500','Begins when a cast is complete, and is checked after the next spell finishes casting. If not expired, the new spell is interrupted. Clickies are exempt.'),(1,'QueryServ:WebhooksAlliance','false','enables discord channel feed'),(1,'QueryServ:WebhooksCommands','false','enables discord channel feed'),(1,'Chat:ServerWideAuction','true','notation'),(1,'Chat:ServerWideOOC','true','notation'),(1,'Character:MaxExpLevel','65','Sets the Max Level attainable via Experience'),(1,'Zone:AutoShutdownDelay','5000',''),(1,'World:ClearTempMerchantlist','true','cavedude: Clears temp merchant items when world boots.'),(1,'World:AddMaxClientsPerIP','-1','Maximum number of clients allowed to connect per IP address if account status is < ExemptMaxClientsStatus.  Default value: -1 (feature disabled)'),(1,'Spells:SHDProcIDOffByOne','true','pre June 2009 SHD spell procs were off by 1, they stopped doing this in June 2009 (so UF+ spell files need this false)'),(1,'World:AddMaxClientsStatus','-1','Accounts with status >= this rule will be allowed to use the amount of accounts defined in the AddMaxClientsPerIP.  Default value: -1 (feature disabled)'),(1,'Spells:RootMinResist','5','When rolling root tick save throws, this is the minimum value that resists can result to after debuffs and level advantage.  This determines how good root is on low resist targets'),(1,'Spells:RootBreakCheckChance','75','Determines chance for a root break check to occur each buff tick.'),(1,'AlKabor:StripBuffsOnLowHP','true',''),(1,'Spells:ReducePacifyDuration','false','AK and the eqmac client have 60 tick Pacify (spell 45) duration.  This rule reduces the duration to 7 ticks without desyncing the cast bar and focus effects for custom servers that want this.'),(1,'NPC:CorpseUnlockTimer','120000','notation'),(1,'NPC:EmptyNPCCorpseDecayTimeMS','30000','notation'),(1,'Spells:MaxTotalSlotsPET','15',''),(1,'Spells:JamFestAAOnlyAffectsBard','true','Bard Jam Fest AA only worked on bards themselves but was changed after AK\'s era.  Changing this to false will put the client stats out of sync with the server.'),(1,'World:UseBannedIPsTable','true','Toggle whether or not to check incoming client connections against the Banned_IPs table. Set this value to false to disable this feature.'),(1,'Zone:MQWarpExemptStatus','80',''),(2,'Spells:ReflectType','1','0 = disabled, 1 = single target player spells only, 2 = all player spells, 3 = all single target spells, 4 = all spells'),(1,'Zone:MQWarpDetectionDistanceFactor','9.0',''),(2,'Character:HasteCap','100','Haste cap for item haste + spell haste(not including overhaste)'),(2,'Character:MaxDraggedCorpses','2','Maximum number of corpses that a player can /corpsedrag at once'),(2,'Character:DragCorpseDistance','400.000000','If a player is using /corpsedrag and moving, the corpse will not move until the player exceeds this distance (NoRootNoZ)'),(2,'Character:CorpseResTimeMS','10800000','Time to res a corpse(ms)'),(2,'Character:ItemCastsUseFocus','false','If true, this allows item clickies to use focuses that have limited max levels on them'),(2,'Character:CheckCursorEmptyWhenLooting','true','If true, a player cannot loot a corpse (player or NPC) with an item on their cursor'),(1,'Spells:FocusCombatProcs','false','Allow all combat procs to receive focus effects.'),(2,'World:PVPSettings','0','PVP Settings, affects clients\' attack state and Sony-hardcoded checks for PVP rules.'),(2,'World:FVNoDropFlag','0','Sets the FV ruleset to on or off. Enable with rule 2 for GM-trading only. Keep in mind this disables OOC chatter for GMs only if you choose that option.'),(2,'Character:MinStatusForNoDropExemptions','80','Enables bypassing of no-drop flags if status is set to this value and FVNoDropFlag is set to 2.'),(2,'Character:SkillCapMaxLevel','-1','Sets the Max Level used for Skill Caps (from skill_caps table).  Default of -1 makes it use MaxLevel rule value.'),(2,'Character:StatCap','0','Sets the Max Statistics Cap for PCs. 0 = feature disabled'),(2,'Character:MaintainIntoxicationAcrossZones','true','If true, alcohol effects are maintained across zoning and logging out/in.'),(2,'Skills:MaxTrainSpecializations','50','Max level a GM trainer will train casting specializations'),(2,'Combat:ArcheryNPCMultiplier','1.0','Multiplied by the min and max hit to determine npcs ranged dmg'),(2,'Console:SessionTimeOut','600000','This sets the default timeout time for Telnet sessions (MS)'),(1,'Spells:CharmMinResist','5',' When rolling charm tick save throws, this is the minimum value that resists can result to after debuffs and level advantage.  This essentially determines how good charm is'),(1,'Spells:BlindBreakCheckChance','75','Determines chance for blind tick save throw'),(1,'Spells:BaseImmunityLevel','55','The level that targets start to be immune to stun, fear and mez spells with a max level of 0.'),(1,'Spells:AI_SpellCastFinishedFailRecast','800','AI spell recast time(MS) when an spell is cast but fails (ie stunned).'),(2,'Spells:LiveLikeFocusEffects','true','Makes certain healing, dmg and mana reduction focuses random like live'),(2,'NPC:StartEnrageValue','9','% HP value that mobs will begin to enrage.'),(2,'NPC:LiveLikeEnrage','false','If enabled, will cause all non-player pets to lose the ability to enrage.'),(1,'Zone:MQZoneExemptStatus','80',''),(1,'Zone:MQGhostExemptStatus','80',''),(1,'Zone:MQGateExemptStatus','80',''),(1,'Zone:EnableMQWarpDetector','false',''),(1,'Combat:FleeIfNotAlone','false',''),(1,'Zone:EnableMQZoneDetector','true',''),(1,'Zone:EnableMQGateDetector','true',''),(1,'World:MaxClientsPerIP','-1','Maximum number of clients allowed to connect per IP address if account status is < AddMaxClientsStatus.  Default value: -1 (feature disabled)'),(1,'Character:DeathItemLossLevel','10','notation'),(1,'Zone:EnableMQGhostDetector','true',''),(1,'NPC:BuffFriends','true','notation'),(1,'Aggro:SpellAggroMod','100','notation'),(1,'Combat:AssistNoTargetSelf','false','When assisting a target without a target: true = target self, false = leave target as was before assist (this is the behavior on live)'),(1,'Character:DisableAAs','false',' '),(1,'Watermap:FishingLineLength','40','If water is more than this far below the player:it is considered too far to fish'),(1,'Watermap:FishingRodLength','30','How far in front of player water must be for fishing to work'),(1,'Watermap:CheckForWaterWhenFishing','true','Only lets a player fish near water (if a water map exists for the zone)'),(1,'Watermap:CheckForWaterOnSendTo','true','Checks if a mob has moved into/out of water on SendTo'),(1,'Spells:AI_IdleNoSpellMinRecast','1500','AI spell recast time(MS) check when no spell is cast while idle. (min time in random)'),(1,'NPC:OOCRegen','1','notation'),(1,'Watermap:CheckWaypointsInWaterWhenLoading','true',''),(1,'NPC:SayPauseTimeInSec','70','notation'),(1,'Spells:AI_IdleNoSpellMaxRecast','6000','AI spell recast time(MS) check when no spell is cast while idle. (max time in random)'),(2,'Character:EnableDiscoveredItems','false','If enabled, it enables EVENT_DISCOVER_ITEM and also saves character names and timestamps'),(1,'Character:HealOnLevel','false','notation'),(1,'Character:FeignKillsPet','false','notation'),(1,'Spells:AI_IdleBeneficialChance','100','Chance while idle to do a beneficial spell on self or others.'),(2,'Zone:UsePlayerCorpseBackups','true','Keeps backups of player corpses.'),(2,'Spells:ResistFalloff','67','Default = 67 Max that level that will adjust our resist chance based on level modifiers'),(1,'Spells:AI_EngagedNoSpellMinRecast','750','AI spell recast time(MS) check when no spell is cast while engaged. (min time in random)'),(1,'Spells:AI_EngagedNoSpellMaxRecast','2000','AI spell recast time(MS) check when no spell is cast engaged.(max time in random)'),(1,'Spells:AI_EngagedDetrimentalChanceHybrid','3','Chance during third AI Cast check for hybrid classes to do a determental spell on others.'),(1,'Spells:AI_EngagedDetrimentalChanceHealer','25','Chance during third AI Cast check for healer classes to do a determental spell on others.'),(1,'Zone:ClientLinkdeadMS','180000',''),(1,'Map:FixPathingZOnSendTo','true',''),(1,'Spells:AI_EngagedDetrimentalChance','25','Chance during third AI Cast check for DPS classes do a determental spell on others.'),(1,'Map:FixPathingZWhenLoading','true',''),(1,'Zone:EnableShadowrest','0',''),(1,'Character:ExpMultiplier','1','notation'),(1,'NPC:MinorNPCCorpseDecayTimeMS','480000','level<55'),(1,'NPC:MajorNPCCorpseDecayTimeMS','1800000','level>=55'),(1,'Spells:AI_EngagedBeneficialSelfChance','100','Chance during first AI Cast check to do a beneficial spell on self.'),(1,'Spells:AI_EngagedBeneficialOtherChance','25','Chance during second AI Cast check to do a beneficial spell on others.'),(1,'Combat:ClientBaseCritChance','0',''),(1,'Range:SpellMessages','75',''),(1,'Skills:LangSkillUpModifier','70','skill ups for skills with value under 100'),(1,'Range:SongMessages','60',''),(1,'Range:SpellAnims','135',''),(1,'Range:ProjectileAnims','135',''),(1,'Range:Say','100',''),(2,'Spells:RootBreakFromSpells','55','Chance for root to break when cast on.'),(1,'Range:Emote','135',''),(1,'Range:EventAggroSay','5000',''),(1,'Range:EventSay','5000',''),(1,'Range:CombatSpecials','80',''),(1,'Range:DamageMessages','75',''),(2,'Combat:NPCFlurryChance','20','(Default=20) Chance for NPC to flurry if special attack F '),(1,'Range:BeginCast','200',''),(1,'Spells:ResistChance','2.0','chance to resist given no resists and same level'),(1,'Range:Anims','135',''),(2,'Spells:AdditiveBonusValues','false','Allow certain bonuses to be calculated by adding together the value from each item, instead of taking the highest value. (ie Add together all Cleave Effects)'),(2,'Character:PerCharacterQglobalMaxLevel','false','Allows Character Max Level based on qglobal \"CharMaxLevel'),(1,'QueryServ:PlayerLogZone','false','Logs Player Zone Events'),(2,'QueryServ:PlayerLogNPCKills','true',''),(2,'QueryServ:PlayerLogTrades','true',''),(1,'QueryServ:PlayerLogLevels','false','Logs Player Leveling/Deleveling'),(1,'QueryServ:PlayerLogChat','false','Logs Player Chat'),(1,'QueryServ:PlayerLogConnectDisconnect','false','Logs Player Connect Disconnect State'),(1,'Combat:EnableFearPathing','true',''),(2,'World:IPLimitDisconnectAll','false','Disconnect all current clients by IP if they go over the IP limit.  This should allow people to quickly reconnect in the case of dead sessions waiting to timeout.'),(1,'Combat:FleeHPRatio','21',''),(1,'World:ExemptMaxClientsStatus','-1','Exempt accounts from the MaxClientsPerIP and AddMaxClientsStatus rules:if their status is >= this value.  Default value: -1 (feature disabled)'),(1,'World:ZoneAutobootTimeoutMS','120000','notation'),(1,'World:ClientKeepaliveTimeoutMS','95000','notation'),(2,'Pets:UnTargetableSwarmPet','false','Set true to allow swarm pets to not be targeted by clients.'),(2,'QueryServ:PlayerLogMerchantTransactions','true',''),(2,'QueryServ:PlayerLogDeletes','true',''),(1,'QueryServ:PlayerLogAARate','false','Logs Player AA Experience Rates'),(2,'QueryServ:PlayerLogMoves','true',''),(1,'Pets:AttackCommandRange','200','Range at which a pet will respond to attack commands'),(1,'Skills:MaxTrainTradeskills','21','Highest skill level that tradeskills can be trained to from GM Trainers'),(1,'Character:AutosaveIntervalS','240','0=disabled'),(1,'Character:LeaveNakedCorpses','true','notation'),(1,'Character:DeathExpLossLevel','11','notation'),(1,'Character:CorpseDecayTimeMS','604800000','notation'),(1,'GM:MinStatusToZoneAnywhere','250','This setting overrides the minstatus setting in the zones table if set'),(1,'Character:MaxLevel','65','notation'),(1,'Character:LeaveCorpses','true','notation'),(1,'QueryServ:LevelAlwaysLogKills','1','The NPC level where player kills are always logged. Below this only possible killsteals are logged. Set to 1 to disable.'),(1,'QueryServ:BazaarAuditTrail','true','Log Bazaar transactions'),(1,'Petitions:PetitionSystemActive','false','Activates bug reporting'),(1,'Pathing:ShortMovementUpdateRange','130.000000','Range for short movement updates'),(1,'Pathing:NavmeshStepSize','100.000000','Step size for the movement manager'),(1,'Pathing:MaxNavmeshNodes','8184','Maximum navmesh nodes in a traversable path'),(1,'NPC:CheckSoWBuff','false',''),(1,'NPC:IgnoreQuestLoot','false',''),(1,'NPC:NPCTemplateID','541','MonsterSum1'),(1,'NPC:ReturnNonQuestItems','true','Returns items on NPCs that don\'t have an EVENT_TRADE sub in their script or have KOS faction with the player'),(1,'Character:HasteCap','100','Haste cap for item haste + spell haste(not including overhaste)'),(1,'Character:MaxDraggedCorpses','2','Maximum number of corpses that a player can /corpsedrag at once'),(1,'Character:DragCorpseDistance','400.000000','If a player is using /corpsedrag and moving, the corpse will not move until the player exceeds this distance (NoRootNoZ)'),(1,'NPC:BoatsRunByDefault','true','Mainly to make it easier to adjust boats\' timing on the fly.'),(1,'Combat:ArcheryNPCMultiplier','1.0','Multiplied by the min and max hit to determine npcs ranged dmg'),(1,'Character:ItemCastsUseFocus','false','If true, this allows item clickies to use focuses that have limited max levels on them'),(1,'World:PVPSettings','0','PVP Settings, affects clients\' attack state and Sony-hardcoded checks for PVP rules.'),(1,'World:FVNoDropFlag','0','Sets the FV ruleset to on or off. Enable with rule 2 for GM-trading only. Keep in mind this disables OOC chatter for GMs only if you choose that option.'),(1,'Character:MinStatusForNoDropExemptions','80','Enables bypassing of no-drop flags if status is set to this value and FVNoDropFlag is set to 2.'),(1,'Character:SkillCapMaxLevel','65','Sets the Max Level used for Skill Caps (from skill_caps table).  Default of -1 makes it use MaxLevel rule value.'),(1,'Console:SessionTimeOut','600000','This sets the default timeout time for Telnet sessions (MS)'),(1,'Merchant:UseGreed','false','if true, merchants that do not already have a database set greed value will raise their prices the more they are sold to or bought from.  This is custom behavior and not classic'),(1,'Merchant:GreedThreshold','100','How many purchases are required to or from a vendor before it becomes greedy and starts to raise their prices.'),(1,'Merchant:ClearTempList','true','clear temp list after death if set true.'),(1,'Map:FixZWhenPathing','true','very CPU intensive, but helps hopping with widely spaced waypoints.'),(1,'Spells:LiveLikeFocusEffects','true','Makes certain healing, dmg and mana reduction focuses random like live'),(1,'NPC:StartEnrageValue','9','% HP value that mobs will begin to enrage.'),(1,'NPC:LiveLikeEnrage','false','If enabled, will cause all non-player pets to lose the ability to enrage.'),(1,'Character:CheckCursorEmptyWhenLooting','true','If true, a player cannot loot a corpse (player or NPC) with an item on their cursor'),(1,'Character:MaintainIntoxicationAcrossZones','true','If true, alcohol effects are maintained across zoning and logging out/in.'),(1,'Map:FixPathingZMaxDeltaSendTo','20.0000000','at runtime in SendTo: max change in Z to allow the BestZ code to apply.'),(1,'Character:EnableDiscoveredItems','false','If enabled, it enables EVENT_DISCOVER_ITEM and also saves character names and timestamps'),(1,'Character:CorpseResTimeMS','10800000','Time to res a corpse(ms)'),(1,'Character:StatCap','0','Sets the Max Statistics Cap for PCs. 0 = feature disabled'),(1,'Map:FixPathingZMaxDeltaLoading','200.000000','while loading each waypoint: max change in Z to allow the BestZ code to apply.'),(1,'Zone:UsePlayerCorpseBackups','true','Keeps backups of player corpses.'),(1,'Spells:ResistFalloff','67','Default = 67 Max that level that will adjust our resist chance based on level modifiers'),(1,'Logging:PrintFileFunctionAndLine','true','Ex: [World Server] [net.cpp::main:309] Loading variables...'),(1,'Map:BestZSizeMax','20.0000000','When calculating bestz using size, this is our size cap. Setting this too high causes dragons and giants to hop.'),(1,'Guild:MaxGuilds','32',''),(1,'Items:DisableNoDrop','false',''),(1,'Items:DisableNoRent','false',''),(1,'Groundspawns:RandomSpawn','true','Determines if groundspawns with random spawn locs will periodically despawn and respawn elsewhere.'),(1,'Groundspawns:FullInvDecayTime','21600000','Decay time of items dropped due to full inventory (trades/merchants) Default 6 hours.'),(1,'Groundspawns:DecayTime','300000','Decay time of player dropped items. 5 minutes'),(1,'Groundspawns:DisarmDecayTime','300000','Decay time of weapons dropped due to disarm 5 minutes'),(1,'GM:MinStatusToLevelTarget','100',''),(1,'GM:MinStatusToUseGMItem','80',''),(1,'Spells:RootBreakFromSpells','55','Chance for root to break when cast on.'),(1,'GM:GMWhoList','80',''),(1,'Combat:NPCFlurryChance','20','(Default=20) Chance for NPC to flurry if special attack F '),(1,'Spells:AdditiveBonusValues','false','Allow certain bonuses to be calculated by adding together the value from each item, instead of taking the highest value. (ie Add together all Cleave Effects)'),(1,'Character:PerCharacterQglobalMaxLevel','false','Allows Character Max Level based on qglobal \"CharMaxLevel'),(1,'QueryServ:PlayerLogNPCKills','true',''),(1,'QueryServ:PlayerLogTrades','true',''),(1,'Expansion:CurrentExpansion','-1','The current expansion enabled for the server [-1 = All Expansion, 0 = Classic, 1 = Kunark etc.]'),(1,'EventLog:SkipCommonPacketLogging','true',' Doesn\'t log OP_MobHealth or OP_ClientUpdate'),(1,'World:IPLimitDisconnectAll','false','Disconnect all current clients by IP if they go over the IP limit.  This should allow people to quickly reconnect in the case of dead sessions waiting to timeout.'),(1,'Pets:UnTargetableSwarmPet','false','Set true to allow swarm pets to not be targeted by clients.'),(1,'QueryServ:PlayerLogMerchantTransactions','true',''),(1,'QueryServ:PlayerLogDeletes','true',''),(1,'Doors:NormalRaceZ','20.0000000',''),(1,'QueryServ:PlayerLogMoves','true',''),(1,'Doors:LargeRaceRange','1180.00000',''),(1,'Doors:LargeRaceZ','150.000000',''),(1,'Combat:UseDiscTimerGroups','false','After about 2004 or so, disc reuse timers were combined into groups so multiple discs could be used in succession.'),(1,'Combat:UseArcheryBonusRoll','false','Make the 51+ archery bonus require an actual roll'),(1,'Combat:RogueDeadlyStrikeMod','2','Deadly strike modifier to crit damage'),(1,'Combat:TauntOverLevel','true','Allows you to taunt NPC\'s over warriors level.'),(1,'Combat:QuiverWRHasteDiv','4','Weight Reduction is divided by this to get haste contribution for quivers'),(1,'Combat:RogueCritThrowingChance','25','Rogue throwing crit bonus'),(1,'Combat:RogueDeadlyStrikeChance','80','Rogue chance throwing from behind crit becomes a deadly strike'),(2,'Zone:LevelBasedEXPMods','true',''),(1,'Zone:LevelBasedEXPMods','true',''),(1,'Combat:PvPSpellDmgPct','62','Percentage of spell damage done in PvP combat. 100 = 100% i.e. unmodified'),(1,'Combat:PvPMeleeDmgPct','100','Percentage of melee damage done in PvP combat. 100 = 100% i.e. unmodified'),(1,'Spells:BuffLevelRestrictions','true',''),(2,'Spells:BuffLevelRestrictions','true',''),(1,'Zone:WeatherTimer','2160',''),(2,'Zone:WeatherTimer','600',''),(1,'Combat:PvPArcheryDmgPct','100','Percentage of archery damage done in PvP combat. 100 = 100% i.e. unmodified'),(1,'Combat:MinRangedAttackDist','25','Minimum Distance to use Ranged Attacks'),(1,'Combat:MinHastedDelay','400','how fast we can get with haste.'),(1,'Combat:BerserkerFrenzyEnd','45',''),(1,'Combat:BerserkerFrenzyStart','35',''),(1,'Combat:ArcheryBonusChance','50',''),(1,'Chat:SuppressCommandErrors','false','Do not suppress by defaultDo not suppress by default'),(1,'Character:BaseRunSpeed','0.7',''),(2,'Character:BaseRunSpeed','0.7',''),(1,'Spells:FearBreakCheckChance','70','Chance for fear to do a resist check each tick. Decrease for longer fears.'),(2,'Spells:FearBreakCheckChance','70','Chance for fear to do a resist check each tick. Decrease for longer fears.'),(1,'Character:SacrificeCorpseDepop','false','If true, Sacrificed corpses will depop 3 minutes after they become empty in Pok, Nexus, or Bazaar'),(1,'Character:ManaOnLevel','false',''),(1,'Character:ItemManaRegenCap','15',''),(1,'Character:KeepLevelOverMax','false','Don\'t delevel a character that has somehow gone over the level cap'),(1,'Character:ItemATKCap','250',''),(1,'Character:ForageNeedFoodorDrink','false',''),(11,'Character:DeathExpLossLevel','10',''),(11,'Character:DeathExpLossMaxLevel','255',''),(11,'Character:DeathItemLossLevel','10',''),(11,'Character:CorpseDecayTimeMS','43200000',''),(11,'Character:CorpseResTimeMS','10800000',''),(11,'Character:MaxDraggedCorpses','2',''),(1,'Character:EnvironmentDamageMulipliter','1.00000000',''),(11,'Character:AutosaveIntervalS','300',''),(11,'Character:ItemATKCap','250',''),(1,'Character:EXPLossMultiplier','1.00000000',''),(11,'Character:HasteCap','100',''),(1,'Character:DuelCorpseResTimeMS','600000','time before cant res corpse after a duel (10 minutes)'),(11,'Character:MaxFearDurationForPlayerCharacter','4',''),(11,'Character:MaxCharmDurationForPlayerCharacter','15',''),(11,'Character:BaseHPRegenBonusRaces','4352',''),(11,'Character:MinStatusForNoDropExemptions','80',''),(11,'Character:SkillCapMaxLevel','-1',''),(11,'Character:StatCap','0',''),(11,'Character:BaseInstrumentSoftCap','36',''),(1,'Character:CorpseOwnerOnlineTimeMS','30000','how often corpse will check if its owner is online'),(11,'Skills:MaxTrainTradeskills','21',''),(1,'Character:BaseInstrumentSoftCap','36','Softcap for instrument mods, 36 commonly referred to as 3.6 as well.'),(11,'Skills:MaxTrainSpecializations','50',''),(11,'GM:MinStatusToZoneAnywhere','250',''),(11,'World:ZoneAutobootTimeoutMS','120000',''),(11,'World:ClientKeepaliveTimeoutMS','95000',''),(11,'World:MaxClientsPerIP','-1',''),(11,'World:ExemptMaxClientsStatus','-1',''),(11,'World:AddMaxClientsPerIP','-1',''),(11,'World:AddMaxClientsStatus','-1',''),(11,'World:AccountSessionLimit','1',''),(11,'World:ExemptAccountLimitStatus','200',''),(11,'World:MinGMAntiHackStatus','11',''),(1,'Character:BaseHPRegenBonusRaces','4352','a bitmask of race(s) that receive the regen bonus. Iksar (4096) & Troll (256) = 4352. see common/races.h for the bitmask values'),(11,'World:PVPSettings','0',''),(11,'World:FVNoDropFlag','0',''),(11,'Zone:ClientLinkdeadMS','180000',''),(11,'Zone:MQWarpExemptStatus','80',''),(11,'Zone:MQZoneExemptStatus','80',''),(11,'Zone:MQGateExemptStatus','80',''),(11,'Zone:MQGhostExemptStatus','80',''),(11,'Zone:AutoShutdownDelay','5000',''),(11,'Zone:PEQZoneReuseTime','300',''),(11,'Zone:PEQZoneDebuff1','4454',''),(11,'Zone:PEQZoneDebuff2','2209',''),(11,'Zone:WeatherTimer','600',''),(11,'Map:FindBestZHeightAdjust','4',''),(1,'Channels:DeleteTimer','1440','Empty password protected channels will be deleted after this many minutes'),(1,'Bugs:ReportingSystemActive','true','Activates bug reporting'),(1,'AlKabor:YellowExpMod','100.000000',''),(1,'AlKabor:WhiteExpMod','100.000000',''),(11,'Spells:WizCritLevel','12',''),(11,'Spells:TranslocateTimeLimit','0',''),(11,'Spells:SacrificeMinLevel','46',''),(11,'Spells:SacrificeMaxLevel','69',''),(11,'Spells:SacrificeItemID','9963',''),(11,'Spells:MaxBuffSlotsNPC','15',''),(11,'Spells:MaxTotalSlotsNPC','15',''),(11,'Spells:MaxTotalSlotsPET','15',''),(11,'Spells:ReflectType','1',''),(11,'Spells:BaseImmunityLevel','55',''),(11,'Spells:ResistFalloff','67',''),(1,'AlKabor:VeliousGroupEXPBonuses','false','AK behavior is false.  If true, use the Velious to mid PoP era group exp bonus. (2% for 2 members, up to 20% for 6 members)  This was the case from Jan 2001 to June 2003 on PC.  (prior to that was a 6 man bonus of 10%)  False will use the post June 2003 bonus of 20% per aditional member up to 80%'),(11,'Spells:RootBreakFromSpells','55',''),(11,'Spells:RootBreakCheckChance','70',''),(11,'Spells:FearBreakCheckChance','70',''),(1,'AlKabor:ServerExpBonus','true','AK behavior is true.  This grants a multiplicative 20% experience bonus that was unique to AK'),(1,'AlKabor:RememberAir','true','AK behavior is true. If zoning from one underwater area to another, remember air_remaining value. If false, it\'s set to 100.'),(11,'Combat:RogueCritThrowingChance','25',''),(11,'Combat:RogueDeadlyStrikeChance','80',''),(11,'Combat:RogueDeadlyStrikeMod','2',''),(11,'Combat:ClientBaseCritChance','0',''),(11,'Combat:FleeHPRatio','21',''),(11,'Combat:MinRangedAttackDist','25',''),(1,'AlKabor:ReducedMonkAC','true','AK behavior is true.  Monks had a low AC softcap from October 16 2002 to April 8 2003 which made them squishy.  Sony partially unnerfed them in April 03.'),(1,'AlKabor:ReduceAEExp','true','AK behavior is true.  Reduce the amount of experience gained when NPC is killed with a PBAoE spell.  Applies to NPCs around level 35 to 55'),(1,'AlKabor:RedExpMod','100.000000',''),(11,'Combat:MinHastedDelay','400',''),(11,'Combat:NPCFlurryChance','20',''),(11,'Combat:QuiverWRHasteDiv','3',''),(11,'Combat:ArcheryBonusChance','50',''),(11,'Combat:BerserkerFrenzyStart','35',''),(11,'Combat:BerserkerFrenzyEnd','45',''),(11,'NPC:MinorNPCCorpseDecayTimeMS','600000',''),(11,'NPC:MajorNPCCorpseDecayTimeMS','1800000',''),(11,'NPC:CorpseUnlockTimer','150000',''),(11,'NPC:EmptyNPCCorpseDecayTimeMS','0',''),(11,'NPC:SayPauseTimeInSec','10',''),(11,'NPC:OOCRegen','1',''),(11,'NPC:LastFightingDelayMovingMin','5000',''),(11,'NPC:LastFightingDelayMovingMax','30000',''),(11,'NPC:StartEnrageValue','9',''),(11,'Aggro:SpellAggroMod','100',''),(11,'Chat:MinStatusToBypassAntiSpam','80',''),(11,'Chat:MinimumMessagesPerInterval','4',''),(11,'Chat:MaximumMessagesPerInterval','12',''),(11,'Chat:MaxMessagesBeforeKick','20',''),(11,'Chat:IntervalDurationMS','60000',''),(11,'Chat:KarmaUpdateIntervalMS','1200000',''),(11,'Chat:KarmaGlobalChatLimit','0',''),(11,'Chat:GlobalChatLevelLimit','1',''),(11,'Bazaar:MaxSearchResults','200',''),(1,'AlKabor:RaceEffectsAASplit','true','AK behavior is true.  If true then race exp penalties (and bonus in case of halfling) will modify AA Exp ONLY when AA Exp is under 100%'),(11,'Channels:RequiredStatusAdmin','251',''),(11,'Channels:RequiredStatusListAll','251',''),(11,'AA:ExpPerPoint','23976503',''),(11,'Console:SessionTimeOut','600000',''),(11,'Character:DragCorpseDistance','400.000000',''),(11,'Character:ExpMultiplier','0.64999997',''),(11,'Character:AAExpMultiplier','0.64999997',''),(11,'Character:GroupExpMultiplier','0.64999997',''),(11,'Character:RaidExpMultiplier','0.20000000',''),(11,'Pets:AttackCommandRange','200.000000',''),(11,'Zone:MQWarpDetectionDistanceFactor','9.00000000',''),(1,'AlKabor:NoMaxWhoGuild','true','AK behavior is false. If true, /who all guild# will return without a limit.'),(11,'Pathing:CandidateNodeRangeXY','400.000000',''),(11,'Pathing:CandidateNodeRangeZ','50.0000000',''),(11,'Watermap:FishingRodLength','30.0000000',''),(11,'Watermap:FishingLineLength','40.0000000',''),(11,'Spells:ResistChance','2.00000000',''),(1,'AlKabor:NPCsSendHPUpdatesPerTic','false','AK behavior is true. NPCs will only send HP updates every tic or when targeted instead of real time.'),(1,'AlKabor:MaxEntitiesCharmTanks','8','If AllowCharmPetRaidTanks is false, this is the max number of entities on an NPC\'s hate list before the NPC will ignore charmed pets.  April 2003 patch set this to 4 on Live.'),(1,'Character:PerCharacterBucketMaxLevel','false','This will check for data bucket \'CharMaxLevel\', if player tries to level beyond that point, it will not go beyond that level'),(1,'AlKabor:LightBlueExpMod','100.000000','Make sure they are all 100.0 for accurate experience gains.  Exp scaling by level is handled in the exp routines'),(11,'Combat:ArcheryBaseDamageBonus','1.00000000',''),(11,'Combat:ArcheryNPCMultiplier','1.00000000',''),(1,'AlKabor:LevelCorpsesAlwaysSpawn','55','AK behavior is 55. The level NPC corpses will not poof even if a NPC was top hate/final blow.'),(1,'AlKabor:InvulnHateReduction','false','DA spells seemed to have reduced hate on AK by an unknown amount; if true this will halve the hate'),(1,'AlKabor:GreenmistHack','true','Greenmist recourse didn\'t work on AK.  The spell data is messed up so it\'s not properly fixable without modifying the client.  This enables a partial workaround that is not AKurate but provides some benefit to players using this weapon.'),(11,'Aggro:TunnelVisionAggroMod','0.75000000',''),(11,'Character:PerCharacterQglobalMaxLevel','false',''),(11,'Character:LeaveCorpses','true',''),(11,'Character:LeaveNakedCorpses','true',''),(11,'Character:HealOnLevel','false',''),(11,'Character:FeignKillsPet','false',''),(11,'Character:BindAnywhere','false',''),(11,'Character:ItemCastsUseFocus','false',''),(11,'Character:CheckCursorEmptyWhenLooting','true',''),(11,'Character:MaintainIntoxicationAcrossZones','true',''),(11,'Character:EnableDiscoveredItems','false',''),(11,'Character:KeepLevelOverMax','false',''),(1,'AlKabor:GreenExpBonus','true','AK is (supposedly) true.  When true, any group member that the mob is green to will have their weighted division split reduced to that of the highest level player who does get exp, resulting in a larger share to those who get exp from the mob.  This results in higher level players being able to powerlevel even more effectively.  no hard evidence is known of this however'),(11,'Pets:UnTargetableSwarmPet','false',''),(11,'World:UseBannedIPsTable','true',''),(1,'AlKabor:ClickyHateExploit','false','AK behavior is true. When true, it allows Invis Vs Animals clicky items to generate massive hate.'),(11,'World:MaxClientsSetByStatus','false',''),(11,'World:ClearTempMerchantlist','false',''),(1,'AlKabor:BlueExpMod','100.000000',''),(11,'World:GMAccountIPList','false',''),(11,'World:IPLimitDisconnectAll','false',''),(11,'Zone:EnableShadowrest','true',''),(11,'Zone:UsePlayerCorpseBackups','true',''),(11,'Zone:EnableMQWarpDetector','false',''),(11,'Zone:EnableMQZoneDetector','true',''),(11,'Zone:EnableMQGateDetector','true',''),(11,'Zone:EnableMQGhostDetector','true',''),(11,'Zone:MarkMQWarpLT','false',''),(11,'Zone:UsePEQZoneDebuffs','false',''),(11,'Zone:LevelBasedEXPMods','true',''),(11,'Map:FixPathingZWhenLoading','true',''),(11,'Map:FixPathingZOnSendTo','false',''),(11,'Pathing:Fear','true',''),(11,'Watermap:CheckWaypointsInWaterWhenLoading','true',''),(1,'AlKabor:BlockProjectileWalls','true','AK behavior is true.  If an NPC was walled, then arrows and bolts had to be fired from an angle parallel to the wall in order to hit them. (if this is true, corners will also block)'),(11,'Watermap:CheckForWaterOnSendTo','false',''),(11,'Watermap:CheckForWaterWhenFishing','true',''),(11,'Spells:EnableSpellGlobals','false',''),(11,'Spells:LiveLikeFocusEffects','true',''),(11,'Spells:AdditiveBonusValues','false',''),(1,'AlKabor:BlockProjectileCorners','true','AK behavior is true.  If an NPC was in a corner, arrows and bolts would not hit them.'),(11,'Spells:BuffLevelRestrictions','true',''),(11,'Spells:FocusCombatProcs','false',''),(1,'AlKabor:AllowTickSplit','false','AK behavior is true'),(11,'Combat:EnableFearPathing','true',''),(11,'Combat:FleeIfNotAlone','false',''),(11,'Combat:ArcheryBonusRequiresStationary','true',''),(11,'Combat:AssistNoTargetSelf','false',''),(11,'Combat:TauntOverLevel','true',''),(11,'Combat:UseArcheryBonusRoll','false',''),(1,'AlKabor:AllowPriceIncWhileBrowsing','true','AK behavior is true. If true, this allows Bazaar traders to increase the price of an item while another player is browsing their wares.'),(11,'NPC:BuffFriends','false',''),(11,'NPC:LiveLikeEnrage','false',''),(11,'Chat:ServerWideOOC','true',''),(11,'Chat:ServerWideAuction','true',''),(11,'Chat:EnableMailKeyIPVerification','true',''),(11,'Chat:EnableAntiSpam','false',''),(11,'Chat:SuppressCommandErrors','false',''),(1,'AlKabor:AllowCharmPetRaidTanks','true','AK behavior is true.  If false, NPCs will ignore charmed pets once MaxEntitiesCharmTanks players get on an NPC\'s hate list as per April 2003 patch.'),(11,'EventLog:RecordSellToMerchant','false',''),(11,'EventLog:RecordBuyFromMerchant','false',''),(11,'QueryServ:PlayerLogTrades','true',''),(11,'QueryServ:PlayerLogNPCKills','true',''),(11,'QueryServ:PlayerLogDeletes','true',''),(11,'QueryServ:PlayerLogMoves','true',''),(11,'QueryServ:PlayerLogMerchantTransactions','true',''),(1,'Aggro:TunnelVisionAggroMod','0.75000000','people not currently the top hate generate this much hate on a Tunnel Vision mob'),(1,'AlKabor:Count6thGroupMember','true',''),(1,'Character:EmptyCorpseDecayTimeMS','10800000',''),(1,'AlKabor:AllowPetPull','true','If set to true, AK style Pet pull (green pet pull without aggro).'),(1,'Character:CanCreate','true','Toggles ability for players to create toons.'),(2,'Character:CanCreate','true','Toggles ability for players to create toons.'),(11,'Character:CanCreate','true','Toggles ability for players to create toons.'),(1,'Aggro:ClientAggroCheckInterval','2','Interval in which clients actually check for aggro - in seconds'),(1,'Skills:SkillUpModifier','0.75',''),(1,'QueryServ:PlayerLogAAPurchases','true',''),(2,'QueryServ:PlayerLogAAPurchases','true',''),(11,'QueryServ:PlayerLogAAPurchases','true',''),(1,'QueryServ:PlayerLogDeaths','true',''),(2,'QueryServ:PlayerLogDeaths','true',''),(11,'QueryServ:PlayerLogDeaths','true',''),(1,'QueryServ:PlayerLogTradeSkillEvents','true',''),(2,'QueryServ:PlayerLogTradeSkillEvents','true',''),(11,'QueryServ:PlayerLogTradeSkillEvents','true',''),(1,'QueryServ:PlayerLogQGlobalUpdate','true',''),(2,'QueryServ:PlayerLogQGlobalUpdate','true',''),(11,'QueryServ:PlayerLogQGlobalUpdate','true',''),(1,'QueryServ:PlayerLogLoot','true',''),(2,'QueryServ:PlayerLogLoot','true',''),(11,'QueryServ:PlayerLogLoot','true',''),(1,'World:StreamDataRate','50','set datarate'),(1,'QueryServ:PlayerLogItemDesyncs','true',''),(1,'Doors:NormalRaceRange','125',''),(2,'Doors:NormalRaceRange','125',''),(11,'Doors:NormalRaceRange','125','');
/*!40101 SET @saved_cs_client     = @@character_set_client */;
/*!40101 SET character_set_client = utf8 */;
CREATE TABLE `variables` (
  `varname` varchar(25) NOT NULL DEFAULT '',
  `value` text NOT NULL,
  `information` text NOT NULL,
  `ts` timestamp NOT NULL DEFAULT current_timestamp() ON UPDATE current_timestamp(),
  PRIMARY KEY (`varname`)
) ENGINE=MyISAM DEFAULT CHARSET=latin1 COLLATE=latin1_swedish_ci;
/*!40101 SET character_set_client = @saved_cs_client */;
INSERT INTO `variables` VALUES ('AAXPMod','0.75','AA Experience multipler. Increase to increase exp rate','2015-02-02 20:59:49'),('ACfail','15','the percentage of time AC fails to protect. 0 would mean there was always some level of protection, 100 would mean AC has no affect. When AC fails, it will be possible to get a max dmg hit.','2015-02-02 20:59:49'),('ACrandom','20','','2015-02-02 20:59:49'),('ACreduction','3','','2015-02-02 20:59:49'),('ailevel','6','','2015-02-02 20:59:49'),('curInstFlagNum','2002','Determines what instance flag will be handed out next','2015-02-02 20:59:49'),('DBVersion','070_pop','DB version info','2015-02-02 20:59:49'),('decaytime 1 54','450','Corpse decay time for Level\'s 1 to 54','2015-02-02 20:59:49'),('decaytime 55 100','1800','Corpse decay time for Level\'s 55 to 100','2015-02-02 20:59:49'),('dfltInstZflag','1000','Used to determine if a zone is instanced, must be 1000 or greater','2015-02-02 20:59:49'),('disablecommandline','0','Allow command lines to be run from world.exe | 0 - off | 1 - on |','2015-02-02 20:59:49'),('Expansions','15','Accessible expansions for each player','2015-02-02 20:59:49'),('EXPMod','0.75','Experience multipler. Increase to increase exp rate','2015-02-02 20:59:49'),('git-BRANCH','prerelease','git rev-parse --abbrev-ref HEAD','2023-07-24 01:49:37'),('git-HEAD-hash','rev-parse','git rev-parse HEAD','2015-10-22 11:52:50'),('GroupEXPBonus','0.60','Experience multipler. Increase to increase group exp rate','2015-02-02 20:59:49'),('GuildWars','0','Enable Guild Wars Type Server | 0 - off | 1 - on |','2015-02-02 20:59:49'),('holdzones','0','Restart Crashed Zone Servers | 0 - off | 1 - on |','2015-02-02 20:59:49'),('leavecorpses','0','Players leave corpses | 0 - off | 1 - on |','2015-02-02 20:59:49'),('loglevel','0000','Commands,Merchants,Trades,Loot','2015-02-02 20:59:49'),('Max_AAXP','21626880','Max AA Experience','2015-02-02 20:59:49'),('MerchantsKeepItems','1','Merchants keep items sold to them | 0 - off | 1 - on |','2015-02-02 20:59:49'),('MOTD','Welcome to EQMacEmu, the development server for The Al\'Kabor Project.','','2018-05-29 11:31:45'),('hotfix_name','','','2017-10-08 13:29:54');
